Workbook

Sheet Input
A1: AirCore Natural Ventilation Unit — Configurator (DEMO)
A2: Fictional product & data for demonstration purposes — Meridian Building Systems (DEMO)
A4: CONFIGURATION | C4: Selection | D4: Resolved
A5: Version | C5: Standard
A6: Width | C6: W12 | D6: =VLOOKUP(C6,Reference!$A$5:$C$14,3,FALSE()) -> 1200 mm
A7: Length | C7: L15 | D7: =VLOOKUP(C7,Reference!$E$5:$G$15,3,FALSE()) -> 1500 mm
A8: Panel type | C8: PC-16 | D8: =VLOOKUP(C8,Reference!$I$5:$K$11,3,FALSE()) -> 16 mm polycarbonate, opal
A9: Control | C9: Pneumatic
A10: Release | C10: R68 | D10: =VLOOKUP(C10,Reference!$M$5:$O$9,3,FALSE()) -> Thermal release 68 °C
A11: Insulation | C11: None
A12: Base type | C12: Flat
A13: Guards | C13: None
A14: Finish | C14: Mill
A15: Mounting | C15: Roof
A16: Lifting points | C16: No
A19: CALCULATED OUTPUTS | C19: Value | D19: Unit
A20: Number of panels | C20: =ROUND((VLOOKUP(C7,Reference!$E$5:$F$15,2,FALSE())-40)/300,0) -> 5 | D20: panels
A21: Geometric area Av | C21: =ROUND((VLOOKUP(C6,Reference!$A$5:$B$14,2,FALSE())*VLOOKUP(C7,Reference!$E$5:$F$15,2,FALSE()))/1000000,2) -> 1.8 | D21: m2
A22: Free area Aa | C22: =ROUND(((VLOOKUP(C6,Reference!$A$5:$B$14,2,FALSE())*VLOOKUP(C7,Reference!$E$5:$F$15,2,FALSE()))/1000000)*VLOOKUP(C8,Reference!$I$5:$J$11,2,FALSE()),2) -> 1.04 | D22: m2
A23: Release temperature | C23: =VLOOKUP(C10,Reference!$M$5:$N$9,2,FALSE()) -> 68 | D23: deg C
A24: Snow load rating | C24: =IF(Input!$C$5="Premium",1500,IF(Input!$C$5="FireRated",1200,750)) -> 750 | D24: N/m2
A25: Wind load rating | C25: =IF(OR(C8="ALU-S",C8="ALU-D",C8="ALU-I"),4000,IF(OR(C8="PC-10",C8="PC-16"),3000,1500)) -> 3000 | D25: N/m2
A26: Actuation pressure | C26: =IF(OR(C9="Pneumatic"),IF(VLOOKUP(C6,Reference!$A$5:$B$14,2,FALSE())>=1800,9.8,IF(VLOOKUP(C6,Reference!$A$5:$B$14,2,FALSE())>=1400,4.9,2)),"n/a") -> 2 | D26: bar
A27: Gas cartridge | C27: =IF(AND(C9="Pneumatic",VLOOKUP(C10,Reference!$M$5:$N$9,2,FALSE())>0),IF(VLOOKUP(C6,Reference!$A$5:$B$14,2,FALSE())>=1800,"40g",IF(VLOOKUP(C10,Reference!$M$5:$N$9,2,FALSE())>=141,"28g","20g")),"none") -> 20g | D27: size
A28: U-value | C28: =IF(C11="Insulated",VLOOKUP(C8,Reference!$Q$5:$S$11,3,FALSE()),VLOOKUP(C8,Reference!$Q$5:$S$11,2,FALSE())) -> 3.4 | D28: W/(m2K)
A29: Estimated weight | C29: =ROUND(((VLOOKUP(C6,Reference!$A$5:$B$14,2,FALSE())*VLOOKUP(C7,Reference!$E$5:$F$15,2,FALSE()))/1000000)*IF(OR(C8="GLS-T",C8="GLS-L"),42,IF(C11="Insulated",26,18))+IF(C9="Manual",4,9),0) -> 41 | D29: kg
A32: CONFIGURATION VALID? | C32: =IF(Validation!C17,"OK","CHECK RULES") -> OK | D32: See Validation tab for rule detail
A34: Legend: | B34: Yellow = you edit | C34: Green = calculated

Sheet Reference
A1: AirCore — Reference Tables (codes, labels, dimensions)
A3: WIDTH | E3: LENGTH | I3: PANEL TYPE | M3: RELEASE | Q3: U-VALUE W/(m2K)
A4: Code | B4: mm | C4: Label | E4: Code | F4: mm | G4: Label | I4: Code | J4: Cv | K4: Label | M4: Code | N4: TempC | O4: Label | Q4: Panel | R4: Uncov | S4: Insul
A5: W04 | B5: 400 | C5: 400 mm | E5: L06 | F5: 600 | G5: 600 mm | I5: ALU-S | J5: 0.62 | K5: Single-skin aluminium | M5: RX | N5: 0 | O5: No thermal release | Q5: ALU-S | R5: 5.5 | S5: 2.4
A6: W06 | B6: 600 | C6: 600 mm | E6: L09 | F6: 900 | G6: 900 mm | I6: ALU-D | J6: 0.66 | K6: Double-skin aluminium | M6: R68 | N6: 68 | O6: Thermal release 68 °C | Q6: ALU-D | R6: 4.6 | S6: 2.3
A7: W08 | B7: 800 | C7: 800 mm | E7: L12 | F7: 1200 | G7: 1200 mm | I7: ALU-I | J7: 0.71 | K7: Insulated aluminium | M7: R93 | N7: 93 | O7: Thermal release 93 °C | Q7: ALU-I | R7: 1.9 | S7: 1.4
A8: W10 | B8: 1000 | C8: 1000 mm | E8: L15 | F8: 1500 | G8: 1500 mm | I8: PC-10 | J8: 0.6 | K8: 10 mm polycarbonate, clear | M8: R141 | N8: 141 | O8: Thermal release 141 °C | Q8: PC-10 | R8: 5.7 | S8: 2.5
A9: W12 | B9: 1200 | C9: 1200 mm | E9: L18 | F9: 1800 | G9: 1800 mm | I9: PC-16 | J9: 0.58 | K9: 16 mm polycarbonate, opal | M9: R182 | N9: 182 | O9: Thermal release 182 °C | Q9: PC-16 | R9: 3.4 | S9: 2
A10: W14 | B10: 1400 | C10: 1400 mm | E10: L21 | F10: 2100 | G10: 2100 mm | I10: GLS-T | J10: 0.57 | K10: Toughened glass | Q10: GLS-T | R10: 3.9 | S10: 2.1
A11: W16 | B11: 1600 | C11: 1600 mm | E11: L24 | F11: 2400 | G11: 2400 mm | I11: GLS-L | J11: 0.55 | K11: Laminated glass | Q11: GLS-L | R11: 3.9 | S11: 2.1
A12: W18 | B12: 1800 | C12: 1800 mm | E12: L27 | F12: 2700 | G12: 2700 mm
A13: W20 | B13: 2000 | C13: 2000 mm | E13: L30 | F13: 3000 | G13: 3000 mm
A14: W22 | B14: 2200 | C14: 2200 mm | E14: L33 | F14: 3300 | G14: 3300 mm
E15: L36 | F15: 3600 | G15: 3600 mm
A20: OPTION LISTS
A21: Version | B21: Control | C21: Insulation | D21: BaseType | E21: Guards | F21: Finish | G21: Mounting | H21: Lifting
A22: Standard | B22: Manual | C22: None | D22: Flat | E22: None | F22: Mill | G22: Roof | H22: No
A23: Premium | B23: Pneumatic | C23: Insulated | D23: Upstand150 | E23: InsectMesh | F23: PowderCoat | G23: Wall | H23: Yes
A24: FireRated | B24: Electric24V | D24: Upstand300 | E24: BirdGuard
B25: Electric230V

Sheet Validation
A1: AirCore — Configuration Validation Rules
A3: # | B3: Rule | C3: Valid?
A4: 1 | B4: Guards are only available on the Premium version | C4: =IF(AND(Input!$C$13<>"None",Input!$C$5<>"Premium"),FALSE(),TRUE()) -> TRUE
A5: 2 | B5: Insulated panels (ALU-I) require the Insulated option | C5: =IF(AND(Input!$C$8="ALU-I",Input!$C$11<>"Insulated"),FALSE(),TRUE()) -> TRUE
A6: 3 | B6: Insulation is only available with ALU-I, PC-16 or GLS-L panels | C6: =IF(AND(Input!$C$11="Insulated",NOT(OR(Input!$C$8="ALU-I",Input!$C$8="PC-16",Input!$C$8="GLS-L"))),FALSE(),TRUE()) -> TRUE
A7: 4 | B7: Fire-rated version requires a thermal release (not RX) | C7: =IF(AND(Input!$C$5="FireRated",Input!$C$10="RX"),FALSE(),TRUE()) -> TRUE
A8: 5 | B8: Wall mounting is not available on the Fire-rated version | C8: =IF(AND(Input!$C$5="FireRated",Input!$C$15="Wall"),FALSE(),TRUE()) -> TRUE
A9: 6 | B9: Upstand bases are not used for Wall mounting | C9: =IF(AND(Input!$C$15="Wall",Input!$C$12<>"Flat"),FALSE(),TRUE()) -> TRUE
A10: 7 | B10: Glass panels (GLS-*) are not available above width 1800 mm | C10: =IF(AND(OR(Input!$C$8="GLS-T",Input!$C$8="GLS-L"),VLOOKUP(Input!$C$6,Reference!$A$5:$B$14,2,FALSE())>1800),FALSE(),TRUE()) -> TRUE
A11: 8 | B11: Manual control is not available on width 2000 mm or above | C11: =IF(AND(Input!$C$9="Manual",VLOOKUP(Input!$C$6,Reference!$A$5:$B$14,2,FALSE())>=2000),FALSE(),TRUE()) -> TRUE
A12: 9 | B12: PowderCoat finish is only available on the Premium version | C12: =IF(AND(Input!$C$14="PowderCoat",Input!$C$5<>"Premium"),FALSE(),TRUE()) -> TRUE
A13: 10 | B13: Lifting points require length 2400 mm or above | C13: =IF(AND(Input!$C$16="Yes",VLOOKUP(Input!$C$7,Reference!$E$5:$F$15,2,FALSE())<2400),FALSE(),TRUE()) -> TRUE
A14: 11 | B14: Electric 230V control is not available on the Standard version | C14: =IF(AND(Input!$C$9="Electric230V",Input!$C$5="Standard"),FALSE(),TRUE()) -> TRUE
A15: 12 | B15: Bird guard requires an upstand base | C15: =IF(AND(Input!$C$13="BirdGuard",Input!$C$12="Flat"),FALSE(),TRUE()) -> TRUE
B17: ALL RULES PASS | C17: =IF(COUNTIF(C4:C15,FALSE())=0,TRUE(),FALSE()) -> TRUE
